fuente,columna,tipo,registros,%_vacios,valores_unicos
agendamiento,id_paciente,texto,576252,0.0,69493
agendamiento,sexo,texto,576252,0.0,2
agendamiento,nivel_usr,int64,576252,0.0,3
agendamiento,tipo_usuario,texto,576252,0.0,3
agendamiento,edad,int64,576252,0.0,105
agendamiento,nombre_cnt,texto,576252,0.0,11
agendamiento,turno,"mixto: time, str",576252,0.0,423
agendamiento,fecha_cita,datetime64[ns],576252,0.0,12438
agendamiento,fecha_asig,datetime64[ns],576252,0.0,201744
agendamiento,control,texto,576252,53.6,1
agendamiento,especialidad_cita,texto,576252,1.3,76
agendamiento,procedimiento_especifico,texto,576252,73.5,82
agendamiento,dx_ppal,texto,576252,48.1,3793
rips,id_paciente,texto,290150,0.0,62298
rips,fechainicioatencion,datetime64[ns],290150,0.0,57766
rips,codconsulta,float64,290150,0.1,56
rips,codDiagnosticoPrincipal,texto,290150,0.0,3810
rips,codDiagnosticoRelacionado1,texto,290150,54.6,2860
rips,codDiagnosticoRelacionado2,texto,290150,80.5,1833
rips,codDiagnosticoRelacionado3,texto,290150,92.8,1128
rcv,id_paciente,texto,21003,0.0,21003
rcv,Programa,texto,21003,0.3,4
rcv,Diabetes,texto,21003,69.0,1
gestantes,id_paciente,texto,784,0.0,707
gestantes,fum,datetime64[ns],784,0.0,531
medicamentos,id_paciente,texto,175948,0.0,33073
medicamentos,medicamento,texto,175948,0.0,4109
medicamentos,cantidad,int64,175948,0.0,78
medicamentos,fec_orden,datetime64[ns],175948,0.0,56495
calendario,Fecha,datetime64[ns],365,0.0,365
calendario,Año,int64,365,0.0,1
calendario,Mes,int64,365,0.0,12
calendario,Mes_Nombre,texto,365,0.0,12
calendario,Trimestre,int64,365,0.0,4
calendario,Semestre,int64,365,0.0,2
calendario,Día,int64,365,0.0,31
calendario,Día_Semana_Num,int64,365,0.0,7
calendario,Día_Semana,texto,365,0.0,7
calendario,Semana_ISO,int64,365,0.0,53
calendario,Semana_Mes,int64,365,0.0,5
calendario,Día_del_Año,int64,365,0.0,365
calendario,Periodo,texto,365,0.0,12
calendario,Periodo_Trimestre,texto,365,0.0,4
calendario,Periodo_Semana_ISO,texto,365,0.0,53
calendario,Inicio_Mes,int64,365,0.0,2
calendario,Fin_Mes,int64,365,0.0,2
calendario,Inicio_Semana,int64,365,0.0,2
calendario,Fin_Semana,int64,365,0.0,2
calendario,Es_Fin_de_Semana,int64,365,0.0,2
calendario,Es_Lunes,int64,365,0.0,2
calendario,Es_Viernes,int64,365,0.0,2
calendario,Es_Festivo,int64,365,0.0,2
calendario,Nombre_Festivo,texto,365,94.8,19
calendario,Ambito_Festivo,texto,365,94.8,1
calendario,Fecha_Original_Celebracion,datetime64[ns],365,94.8,19
calendario,Es_Día_Hábil,int64,365,0.0,2
calendario,Es_Día_Previo_Festivo,int64,365,0.0,2
calendario,Es_Día_Posterior_Festivo,int64,365,0.0,2
calendario,Días_Hasta_Festivo,float64,365,1.6,70
calendario,Días_Desde_Último_Festivo,int64,365,0.0,70
calendario,Días_Hábiles_Mes,int64,365,0.0,4
calendario,Días_Hábiles_Restantes_Mes,int64,365,0.0,23
calendario,Es_Primer_Día_Hábil_Mes,int64,365,0.0,2
calendario,Es_Último_Día_Hábil_Mes,int64,365,0.0,2
calendario,Fecha_Key,int64,365,0.0,365
calendario,Fecha_ISO,texto,365,0.0,365
calendario,Fecha_Formato_CO,texto,365,0.0,365
calendario,Mes_Nombre_Abrev,texto,365,0.0,12
calendario,Día_Semana_Abrev,texto,365,0.0,7
calendario,Es_Bisiesto,int64,365,0.0,1
calendario,Es_Festivo_Trasladado,int64,365,0.0,2
calendario,Es_Puente_Festivo,int64,365,0.0,2
calendario,Tipo_Dia,texto,365,0.0,3
